Location,Latitude,Longitude,Context
St.,0.9713095,7.02255,ch he had during his confinement in the castle of St. Angelo a resplendent light appeared over the shad
Italy,42.6384261,12.674297,"is head at morning and evening, whether he was in Italy or France, and it was particularly conspicuous wh"
France,46.603354,1.8883335,"t morning and evening, whether he was in Italy or France, and it was particularly conspicuous when the gra"
Fair Haven,40.3606653,-74.0381947," all?

I set out one afternoon to go a-fishing to Fair Haven, through the woods, to eke out my scanty fare of "
Walden,41.5612048,-74.1884806,"ut.”


I thought of living there before I went to Walden. I “hooked” the apples, leaped the brook, and sca"
America,39.7837304,-100.445882,"ore the ship was built that floated his family to America. An honest, hardworking, but shiftless man plainl"
Spain,39.3260685,-4.8379791,"reign lands﻿—unless when we were off the coast of Spain. That’s a true Mediterranean sky. I thought, as I"
Concord,43.207178,-71.537476,"Hermit. Well, then, let’s be off. Shall we to the Concord? There’s good sport there if the water be not too"
Achilles,37.2801422,-76.4402257,"h his shield or upon it. Or perchance he was some Achilles, who had nourished his wrath apart, and had now c"
red﻿—he,34.724524849999995,-98.29435486282935,—for the blacks were nearly twice the size of the red﻿—he drew near with rapid pace till he stood on his gu
Dresden,51.0493286,13.7381437,"r numbers and for carnage it was an Austerlitz or Dresden. Concord Fight! Two killed on the patriots’ side,"
Spence,-35.1987316,149.0643556,"nage, of a human battle before my door.
Kirby and Spence tell us that the battles of ants have long been c"
Sweden,59.6749712,14.5208584,xpulsion of the tyrant Christiern the Second from Sweden. The battle which I witnessed took place in the P
New York,40.7127281,-74.0060152,"rt. It is said that loons have been caught in the New York lakes eighty feet beneath the surface, with hooks"
Louisiana,30.8703881,-92.007126,cks which they will have less need to practise in Louisiana bayous. When compelled to rise they would sometim
Forest,41.5329762,-79.2640912,"chive.
The cover page is adapted from
Mill in the Forest,
			a painting completed in 1897 by
Ivan Ivanovic"
Canada,61.0666922,-107.991707,"e of a cosmopolite than we; he breaks his fast in Canada, takes a luncheon in the Ohio, and plumes himself"
Ohio,40.2253569,-82.6881395,"reaks his fast in Canada, takes a luncheon in the Ohio, and plumes himself for the night in a southern b"
Colorado,38.7251776,-105.607716,ace with the seasons cropping the pastures of the Colorado only till a greener and sweeter grass awaits him 
Yellowstone,45.9645464,-108.276076,ill a greener and sweeter grass awaits him by the Yellowstone. Yet we think that if rail fences are pulled down
Columbus,39.9622601,-83.0007065,"meats invented to preserve meat merely? Nay, be a Columbus to whole new continents and worlds within you, op"
England,52.5310214,-1.2649062,"mes’ Hole” by which to get at the inside at last. England and France, Spain and Portugal, Gold Coast and Sl"
Portugal,39.6621648,-8.1353519,"the inside at last. England and France, Spain and Portugal, Gold Coast and Slave Coast, all front on this pr"
India,22.3511148,78.6677428,"and, though it is without doubt the direct way to India. If you would learn to speak all tongues and conf"
China,35.0000663,104.999955,"ppi or the Pacific, nor conduct toward a worn-out China or Japan, but leads on direct, a tangent to this "
Japan,36.5748441,139.2394179,"e Pacific, nor conduct toward a worn-out China or Japan, but leads on direct, a tangent to this sphere, s"
Kabir,54.3151594,-1.9181532111487878,"h. “They pretend,” as I hear, “that the verses of Kabir have four different senses; illusion, spirit, int"
Cambridge,52.2055314,0.1186637,"ts purity, as if it were muddy, and preferred the Cambridge ice, which is white, but tastes of weeds. The pur"
Brahma,-22.4969614,-48.93442228238074,"d artist into the fairest of all the creations of Brahma. He had made a new system in making a staff, a wo"
California,36.7014631,-118.755997,"oose still, dress it as you will. They tell me of California and Texas, of England and the Indies, of the Hon."
Texas,31.2638905,-98.5456116,"ss it as you will. They tell me of California and Texas, of England and the Indies, of the Hon. Mr. —﻿—﻿—"
Georgia,32.3293809,-83.1137366," England and the Indies, of the Hon. Mr. —﻿—﻿— of Georgia or of Massachusetts, all transient and fleeting p"
Massachusetts,42.3788774,-72.032366,"he Indies, of the Hon. Mr. —﻿—﻿— of Georgia or of Massachusetts, all transient and fleeting phenomena, till I am "
Mameluke,38.9140667,-120.841324, I am ready to leap from their courtyard like the Mameluke bey. I delight to come to my bearings﻿—not walk i
Boston,42.3554334,-71.060511," on being the last of an illustrious line; and in Boston and London and Paris and Rome, thinking of its lo"
London,51.5074456,-0.1277653,"he last of an illustrious line; and in Boston and London and Paris and Rome, thinking of its long descent,"
Paris,48.8588897,2.3200410217200766,"an illustrious line; and in Boston and London and Paris and Rome, thinking of its long descent, it speaks"
Rome,41.8933203,12.4829321,"ious line; and in Boston and London and Paris and Rome, thinking of its long descent, it speaks of its p"
Benefactor,51.6587785,17.8478402,"heering information, I am reminded of the greater Benefactor and Intelligence that stands over me the human in"
the British Empire,48.6549834,-123.43968,"t we can change our clothes only. It is said that the British Empire is very large and respectable, and that the Unite"
the United States,47.828787466909134,-122.59894783123687,"sh Empire is very large and respectable, and that the United States are a first-rate power. We do not believe that a "
Britain,54.3151594,-1.9181532111487878," the world I live in was not framed, like that of Britain, in after-dinner conversations over the wine.
The"
Connecticut,41.6500201,-72.7342163,"d in a farmer’s kitchen for sixty years, first in Connecticut, and afterward in Massachusetts﻿—from an egg depo"
Hercules,38.0171441,-122.2885808,cenes which I daily witness. The twelve labors of Hercules were trifling in comparison with those which my n
North and South,43.0612749,-89.4959479,so many keen and subtle masters that enslave both North and South. It is hard to have a Southern overseer; it is wo
Salem,44.9391565,-123.033121,"n some small counting house on the coast, in some Salem harbor, will be fixture enough. You will export s"
Jersey,49.2214561,-2.1358386,"ten the richest freight will be discharged upon a Jersey shore;﻿—to be your own telegraph, unweariedly swe"
Hanno,35.8556902,139.3276436,"navigators, great adventurers and merchants, from Hanno and the Phoenicians down to our day; in fine, acc"
Neva,59.93661073505927,30.29517423637298," flood-tide, with a westerly wind, and ice in the Neva, would sweep St. Petersburg from the face of the "
St. Petersburg,59.9606739,30.1586551,"a westerly wind, and ice in the Neva, would sweep St. Petersburg from the face of the earth.

As this business was"
Asiatic,14.423147413416466,120.92712291552265,"world, from east to west, had got so near home as Asiatic Russia, she says that she felt the necessity of w"
Russia,64.6863136,97.7453061,"rom east to west, had got so near home as Asiatic Russia, she says that she felt the necessity of wearing "
Fates,43.944793700000005,18.798520796242453,"s if she quoted an authority as impersonal as the Fates, and I find it difficult to get made what I want,"
Israel,31.39480005,34.63358319049945,"not have occasion any more to use this proverb in Israel.”
“Behold all souls are mine; as the soul of the "
Ireland,52.865196,-7.9794599,"t workhouse of the world. Or I could refer you to Ireland, which is marked as one of the white or enlighten"
Memnon,59.3237989,18.0673964,"g work! By the blushes of Aurora and the music of Memnon, what should be man’s morning work in this world?"
the Province of New Netherland,,,
New Netherland,42.875403382232356,-73.75415319081665,"nd there, states more particularly that “those in New Netherland, and especially in New England, who have no means"
Seeley,32.787857200000005,-115.68139681447164,"ed treacherously by a young Patrick that neighbor Seeley, an Irishman, in the intervals of the carting, tr"
Troy,42.7284117,-73.6917878,"ificant event one with the removal of the gods of Troy.
I dug my cellar in the side of a hill sloping to"
Iliad,31.2955678,77.1369731,"ainment, in fact answered the same purpose as the Iliad.

It would be worth the while to build still more"
Maine,45.709097,-68.8590201,"reat haste to construct a magnetic telegraph from Maine to Texas; but Maine and Texas, it may be, have no"
Fitchburg,42.5854371,-71.8046023,love to travel; you might take the cars and go to Fitchburg today and see the country.” But I am wiser than t
Arcadia,34.1362075,-118.0401497," To what end, pray, is so much stone hammered? In Arcadia, when I was there, I did not see any hammering st"
Sugar,-4.8780841,145.7972206," more than Indian meal, both money and trouble.


Sugar
0.80



Lard
0.65



Apples
0.25



Dried apple
0"
Tartar,40.348041050000006,46.97464505584509,"ed my bean-field﻿—effect his transmigration, as a Tartar would say﻿—and devour him, partly for experiment’"
Farinam,,,
indito,52.2423187,6.1817163,"us mortariumque bene lavato. Farinam in mortarium indito, aquae paulatim addito, subigitoque pulchre. Ubi "
Newfoundland,49.12119115,-56.64032459262498, if I should ever fall into one. I can find you a Newfoundland dog that will do as much. Philanthropy is not lov
Bacon,31.5555512,-82.4442559,"c, literary, and political worthies, Shakespeare, Bacon, Cromwell, Milton, Newton, and others, speak next"
Milton,42.2501425,-71.065573,"political worthies, Shakespeare, Bacon, Cromwell, Milton, Newton, and others, speak next of her Christian "
Newton,30.8118989,-93.740504,"l worthies, Shakespeare, Bacon, Cromwell, Milton, Newton, and others, speak next of her Christian heroes, "
Eskimo,-22.8813892,-43.0892221,"traightway his drastic philanthropy seeks out the Eskimo and the Patagonian, and embraces the populous Ind"
Gulistan,37.1984436,55.070672,"e one of the worthies of the world.
I read in the Gulistan, or Flower Garden, of Sheik Sadi of Shiraz, that "
Bagdad,33.3061701,44.3872213," Dijlah, or Tigris, will continue to flow through Bagdad after the race of caliphs is extinct: if thy hand"
benumbeth,,,
Theseus,52.3952433,13.0612823,"

But patterns only, such as Hercules,

Achilles, Theseus. Back to thy loath’d cell;

And when thou seest t"
thou,47.5790082,2.9076132,"les, Theseus. Back to thy loath’d cell;

And when thou seest the new enlightened sphere,

Study to know "
Nervii,,,
Scripture,48.487859650000004,-91.57202882167748,"him. I had read of the potter’s clay and wheel in Scripture, but it had never occurred to me that the pots we"
Sutton,30.51216325,-100.53841807826248,"r like that early settler’s family in the town of Sutton, in this State, whose cottage was completely cove"
Strix,59.3317695,18.0445418,ternoon I amused myself by watching a barred owl (Strix nebulosa) sitting on one of the lower dead limbs 
world﻿—he,35.0042743,135.7702796," of the philosophers﻿—Connecticut gave him to the world﻿—he peddled first her wares, afterwards, as he declar"
Missouri,38.7604815,-92.5617875," is naturally a hunter, on the head waters of the Missouri and Columbia a trapper, and at the Falls of St. M"
Kirby,29.4613454,-98.3857901,"icant fact, stated by entomologists﻿—I find it in Kirby and Spence﻿—that “some insects in their perfect s"
Greece,38.9953683,21.9877132,"xicating. Such apparently slight causes destroyed Greece and Rome, and will destroy England and America. O"
us,39.7837304,-100.445882,"ss of our lives.
We are conscious of an animal in us, which awakens in proportion as our higher nature"
Apios,45.8981483,15.8568777,"ne day for fishworms, I discovered the groundnut (Apios tuberosa) on its string, the potato of the aborig"
Mesopotamia,34.90348665,42.05888055600657, an old wiseacre of them. Many of the villages of Mesopotamia are built of secondhand bricks of a very good qua
oleariam,,,
Mexico,19.4326296,-99.1331785,"g low over the woods toward Fair Haven, bound for Mexico. Several times, when returning from the village a"
Flint,43.0161693,-83.6900211," first time on the night of the 22nd of December, Flint’s and other shallower ponds and the river having "
Philadelphia,39.9527237,-75.1635262,"s that the price of wood for fuel in New York and Philadelphia “nearly equals, and sometimes exceeds, that of th"
Thou,47.5790082,2.9076132,"
Why art thou banished from our hearth and hall,

Thou who art welcomed and beloved by all?

Was thy exi"
Zendavestas,,,
Bibles,15.8050853,78.04401158018945,"ns shall be filled with Vedas and Zendavestas and Bibles, with Homers and Dantes and Shakespeares, and all"
Zebulon,33.1023454,-84.3426997,"read it. They read the nine thousandth tale about Zebulon and Sophronia, and how they loved as none had eve"
Sophronia,27.28336496276285,-80.43902816778933,"y read the nine thousandth tale about Zebulon and Sophronia, and how they loved as none had ever loved before"
Plato,44.7744064,-94.0399721,re hardly known here. Or shall I hear the name of Plato and never read his book? As if Plato were my town
Zoroaster,40.117194,-85.5972923,"eness by his faith, may think it is not true; but Zoroaster, thousands of years ago, travelled the same road "
Nature,22.309171550000002,73.25776805856944,"ery pore. I go and come with a strange liberty in Nature, a part of herself. As I walk along the stony sho"
Toscar,42.4099476,0.350978,"in the land of the living,

Beautiful daughter of Toscar.”


Some of my pleasantest hours were during the "
Hebe,40.6614738,-76.7346888,"which the serpent sometimes drinks; but rather of Hebe, cupbearer to Jupiter, who was the daughter of Ju"
motion﻿—or,45.39082455062883,-122.01375686993366," with its train of cars moving off with planetary motion﻿—or, rather, like a comet, for the beholder knows not"
golden,39.7546349,-105.22058,"its steam cloud like a banner streaming behind in golden and silver wreaths, like many a downy cloud which"
Tell,46.172675,10.0641264,er for it. We are all educated thus to be sons of Tell. The air is full of invisible bolts. Every path b
Long Wharf,41.2946099,-72.9223227," which go dispensing their odors all the way from Long Wharf to Lake Champlain, reminding me of foreign parts,"
Milwaukee,43.0386475,-87.9090751,"which are now no longer cried up, unless it be in Milwaukee, as those splendid articles, English, French, or "
Cuttingsville,43.4885205,-72.8816138," of molasses or of brandy directed to John Smith, Cuttingsville, Vermont, some trader among the Green Mountains, "
Vermont,44.5990718,-72.5002608," of brandy directed to John Smith, Cuttingsville, Vermont, some trader among the Green Mountains, who impor"
Acton,51.5081402,-0.2732607,"imes, on Sundays, I heard the bells, the Lincoln, Acton, Bedford, or Concord bell, when the wind was favo"
Bedford,40.0271453,-78.5237447,"n Sundays, I heard the bells, the Lincoln, Acton, Bedford, or Concord bell, when the wind was favorable, a "
Sudbury,46.49272,-80.991211,"ver, and he dropped down without obstruction from Sudbury, where he lived, to Fair Haven Pond, which he fou"
Umbilicaria,,,
crag;﻿—or,44.72869727994988,-121.88671681669176,"t by an egg hatched some time in the crevice of a crag;﻿—or was its native nest made in the angle of a cloud,"
Sacontala,,,
Wayland,42.3632063,-71.3606721, to travellers bound westward through Lincoln and Wayland to nobody knows where; they sitting at their ease
Egypt,26.2540493,29.2675469,"ous and outlandish spotted salamander, a trace of Egypt and the Nile, yet our contemporary. When I paused"
Palestine,31.7621153,-95.6307891,"upon. These martial strains seemed as far away as Palestine, and reminded me of a march of crusaders in the h"
King Saturn,47.6505327,-122.35152456194463,"ife, and that they alone were left of the race of King Saturn.”
We are wont to forget that the sun looks on our"
Arabia,22.3742506,49.477089111818884,"ign to the streets, even to the woods, foreign as Arabia to our Concord life. They possess a quite dazzlin"
Waldens,51.4106999,-0.2923127,"en all over and all through; are themselves small Waldens in the animal kingdom, Waldenses. It is surprisin"
Scotland,56.7861112,-4.1140518,"so correct, standing at the head of Loch Fyne, in Scotland, which he describes as “a bay of salt water, sixt"
Iceland,64.9841821,-18.1059013,"some other kind of grain recently introduced from Iceland. As I saw no manure, I judged that they meant to "
Charleston,32.7884363,-79.9399309,"hus it appears that the sweltering inhabitants of Charleston and New Orleans, of Madras and Bombay and Calcutt"
New Orleans,29.9759983,-90.0782127,"that the sweltering inhabitants of Charleston and New Orleans, of Madras and Bombay and Calcutta, drink at my w"
Bombay,19.054999,72.8692035,"ants of Charleston and New Orleans, of Madras and Bombay and Calcutta, drink at my well. In the morning I "
Pond,35.7177326,-119.3287234,"t suppose that it was called originally Walled-in Pond.
The pond was my well ready dug. For four months "
The United States,47.828787466909134,-122.59894783123687,e of copyright restrictions in the United States. The United States public domain represents our collective cultural 
Tremont,44.40991,0.89877,"sed when the herald blows his summons before some Tremont or Astor or Middlesex House, to see come creeping"
Massasoit,42.239538,-71.782293,"than of our journey.” At one o’clock the next day Massasoit “brought two fishes that he had shot,” about thri"
Paphlagonian,,,
Homer,59.6454064,-151.5445643,"chuck which his dog caught. He, too, has heard of Homer, and, “if it were not for books,” would “not know"
States,,,
humble﻿—if,,,
hers?﻿—young,,,
green hills,40.1136831,-80.2997849,"none. That way I looked between and over the near green hills to some distant and higher ones in the horizon, t"
Tartary,44.803584900000004,4.615097228548244,"oward the prairies of the West and the steppes of Tartary, affording ample room for all the roving families"
Damodara,26.9051941,70.7192838,"but beings who enjoy freely a vast horizon”﻿—said Damodara, when his herds required new and larger pastures."
Odyssey,38.7453944,-76.6294061,"fame. It was Homer’s requiem; itself an Iliad and Odyssey in the air, singing its own wrath and wanderings."
Infanta,14.7469297,121.6495987,"e, if you know how to throw in Don Carlos and the Infanta, and Don Pedro and Seville and Granada, from time"
Granada,37.1734995,-3.5995337,"os and the Infanta, and Don Pedro and Seville and Granada, from time to time in the right proportions﻿—they"
Khoung,17.6431777,104.8138939,reat dignitary of the state of Wei) sent a man to Khoung-tseu to know his news. Khoung-tseu caused the mes
hoorer,,,
Lexington,38.0464066,-84.4970393, else for this. One day a man came to my hut from Lexington to inquire after his hound that made a large trac
Weston,51.3471927,-2.9778916,h turned off into the woods again. That evening a Weston squire came to the Concord hunter’s cottage to in
Lepus,46.4762447,22.7579046,"n was its slenderness. Such then was its nature. (Lepus, levipes, light-foot, some think.)
What is a coun"
